timestamp,hr,spo2,temp,acc_x,acc_y,acc_z
14:48:57,79,98,34.81,0.98,-0.02,0.21,4.5
14:48:57,81,97,34.48,0.98,-0.02,0.22,4.5
14:48:57,79,99,34.67,0.99,-0.02,0.22,4.5
14:48:57,79,97,34.44,0.98,-0.02,0.22,4.5
14:48:58,78,99,34.48,0.99,-0.02,0.21,4.5
14:48:58,79,98,34.81,0.99,-0.02,0.22,4.5
14:48:58,79,98,34.67,0.98,-0.02,0.22,4.5
14:48:58,81,99,34.53,0.98,-0.02,0.22,4.5
14:48:58,78,98,34.48,0.99,-0.02,0.22,4.5
14:48:58,77,97,34.48,0.98,-0.02,0.21,4.5
14:48:58,79,99,34.67,0.99,-0.02,0.21,4.5
14:48:58,77,98,34.44,0.98,-0.02,0.22,4.5
14:48:58,78,98,34.29,0.99,-0.01,0.22,4.5
14:48:58,78,98,34.67,0.98,-0.02,0.21,4.5
14:48:58,80,97,34.67,0.99,-0.02,0.22,4.5
14:48:58,77,98,34.72,0.98,-0.02,0.22,4.5
14:48:58,79,99,34.62,0.98,-0.02,0.22,4.5
14:48:58,78,98,34.53,0.98,-0.01,0.22,4.5
14:48:58,77,98,34.62,0.99,-0.02,0.22,4.5
14:48:58,78,97,34.48,0.98,-0.02,0.21,4.5
14:48:58,78,97,34.62,0.98,-0.02,0.22,4.5
14:48:58,78,98,34.48,0.99,-0.02,0.22,4.5
14:48:58,78,98,34.48,0.99,-0.02,0.21,4.5
14:48:59,76,97,34.81,0.98,-0.02,0.21,4.5
14:48:59,76,98,34.48,0.99,-0.02,0.22,4.5
14:48:59,77,99,34.62,0.99,-0.02,0.22,4.5
14:48:59,78,99,34.72,0.98,-0.02,0.22,4.5
14:48:59,77,98,34.67,0.99,-0.02,0.22,4.5
14:48:59,79,97,34.44,0.99,-0.02,0.22,4.5
14:48:59,75,97,34.48,0.98,-0.02,0.22,4.5
14:48:59,79,98,34.62,0.99,-0.02,0.22,4.5
14:48:59,78,98,34.53,0.99,-0.02,0.22,4.5
14:48:59,77,99,34.62,0.99,-0.02,0.22,4.5
14:48:59,79,99,34.48,0.98,-0.03,0.22,4.5
14:48:59,75,97,34.67,0.99,-0.02,0.22,4.5
14:48:59,79,99,34.53,0.98,-0.02,0.22,4.5
14:48:59,75,97,34.34,0.99,-0.02,0.21,4.5
14:48:59,76,97,34.48,0.99,-0.02,0.22,4.5
14:48:59,75,97,34.48,0.99,-0.02,0.21,4.5
14:48:59,77,99,34.72,0.99,-0.02,0.22,4.5
14:48:59,75,97,34.72,0.99,-0.02,0.22,4.5
14:48:59,77,98,34.53,0.98,-0.02,0.21,4.5
14:49:00,76,99,34.53,0.99,-0.03,0.22,4.5
14:49:00,75,98,34.53,0.98,-0.02,0.21,4.5
14:49:00,76,97,34.62,0.98,-0.02,0.22,4.5
14:49:00,74,98,34.62,0.99,-0.02,0.21,4.5
14:49:00,77,98,34.62,0.98,-0.02,0.21,4.5
14:49:00,75,99,34.48,0.98,-0.02,0.21,4.5
14:49:00,75,97,34.48,0.98,-0.03,0.22,4.5
14:49:00,77,99,34.81,0.98,-0.02,0.21,4.5
14:49:00,74,99,34.67,0.99,-0.02,0.22,4.5
14:49:00,73,99,34.72,0.99,-0.02,0.22,4.5
14:49:00,76,97,34.48,0.99,-0.02,0.22,4.5
14:49:00,74,97,34.67,0.98,-0.02,0.21,4.5
14:49:00,75,97,34.48,0.99,-0.02,0.21,4.5
14:49:00,77,98,34.67,0.99,-0.02,0.21,4.5
14:49:00,74,99,34.62,0.99,-0.02,0.22,4.5
14:49:00,73,98,34.44,0.99,-0.02,0.22,4.5
14:49:00,75,98,34.44,0.99,-0.02,0.22,4.5
14:49:00,73,98,34.48,0.99,-0.02,0.22,4.5
14:49:00,73,99,34.62,0.99,-0.02,0.22,4.5
14:49:01,73,98,34.48,0.99,-0.02,0.21,4.5
14:49:01,73,97,34.67,0.99,-0.03,0.21,4.5
14:49:01,75,98,34.53,0.99,-0.02,0.22,4.5
14:49:01,73,99,34.72,0.98,-0.02,0.22,4.5
14:49:01,74,99,34.62,0.98,-0.02,0.21,4.5
14:49:01,72,99,34.81,0.98,-0.02,0.22,4.5
14:49:01,71,97,34.62,0.99,-0.02,0.21,4.5
14:49:01,72,98,34.62,0.98,-0.02,0.22,4.5
14:49:01,72,97,34.62,0.99,-0.02,0.21,4.5
14:49:01,74,97,34.48,0.98,-0.02,0.21,4.5
14:49:01,75,98,34.62,0.98,-0.02,0.21,4.5
14:49:01,73,98,34.48,0.99,-0.02,0.21,4.5
14:49:01,73,97,34.62,0.98,-0.02,0.21,4.5
14:49:01,71,99,34.48,0.98,-0.02,0.22,4.5
14:49:01,73,97,34.81,0.99,-0.02,0.22,4.5
14:49:01,71,98,34.48,0.99,-0.03,0.19,4.5
14:49:01,71,99,34.48,0.99,-0.02,0.22,4.5
14:49:02,73,98,34.62,0.98,-0.02,0.22,4.5
14:49:02,71,97,34.53,0.99,-0.02,0.22,4.5
14:49:02,71,98,34.53,0.99,-0.02,0.22,4.5
14:49:02,73,97,34.48,0.98,-0.02,0.22,4.5
14:49:02,71,98,34.72,0.98,-0.02,0.22,4.5
14:49:02,71,99,34.62,0.99,-0.02,0.2,4.5
14:49:02,71,99,34.81,0.98,-0.02,0.22,4.5
14:49:02,69,97,34.48,0.98,-0.03,0.22,4.5
14:49:02,70,99,34.53,0.99,-0.02,0.21,4.5
14:49:02,71,98,34.29,0.98,-0.02,0.22,4.5
14:49:02,71,98,34.48,0.99,-0.03,0.21,4.5
14:49:02,69,98,34.44,0.99,-0.02,0.21,4.5
14:49:02,72,98,34.81,0.98,-0.02,0.21,4.5
14:49:02,69,97,34.53,0.99,-0.02,0.22,4.5
14:49:02,71,97,34.62,0.99,-0.02,0.21,4.5
14:49:03,72,99,34.53,0.99,-0.02,0.21,4.5
14:49:03,69,99,34.48,0.99,-0.02,0.22,4.5
14:49:03,69,98,34.62,0.98,-0.02,0.21,4.5
14:49:03,72,97,34.53,0.98,-0.02,0.22,4.5
14:49:03,71,99,34.72,0.98,-0.02,0.21,4.5
14:49:03,69,97,34.48,0.99,-0.02,0.22,4.5
14:49:03,68,99,34.62,0.98,-0.02,0.21,4.5
14:49:03,69,98,34.67,0.98,-0.02,0.22,4.5
14:49:03,71,97,34.62,0.99,-0.02,0.21,4.5
14:49:03,72,97,34.62,0.98,-0.02,0.22,4.5
14:49:03,69,97,34.67,0.98,-0.02,0.21,4.5
14:49:03,72,98,34.44,0.99,-0.02,0.22,4.5
14:49:03,70,97,34.62,0.98,-0.01,0.21,4.5
14:49:03,69,97,34.62,0.99,-0.02,0.21,4.5
14:49:03,69,97,34.48,0.99,-0.01,0.21,4.5
14:49:03,69,98,34.72,0.99,-0.01,0.21,4.5
14:49:03,70,98,34.72,0.99,-0.01,0.21,4.5
14:49:03,69,98,34.48,1.0,-0.02,0.21,4.5
14:49:03,68,98,34.62,0.98,-0.02,0.21,4.5
14:49:03,68,97,34.53,0.99,-0.02,0.21,4.5
14:49:03,67,97,34.48,0.99,-0.02,0.22,4.5
14:49:03,69,99,34.48,0.98,-0.02,0.22,4.5
14:49:03,68,98,34.72,0.98,-0.02,0.22,4.5
14:49:03,70,97,34.81,0.98,-0.02,0.21,4.5
14:49:03,70,97,34.72,0.98,-0.03,0.22,4.5
14:49:03,68,99,34.48,0.99,-0.02,0.22,4.5
14:49:03,69,97,34.48,0.98,-0.03,0.21,4.5
14:49:04,67,97,34.72,0.99,-0.02,0.22,4.5
14:49:04,66,98,34.53,0.98,-0.02,0.21,4.5
14:49:04,66,97,34.53,0.99,-0.02,0.21,4.5
14:49:04,67,98,34.67,0.98,-0.02,0.21,4.5
14:49:04,68,98,34.72,0.98,-0.02,0.22,4.5
14:49:04,68,99,34.62,0.99,-0.02,0.21,4.5
14:49:04,68,97,34.62,0.99,-0.02,0.22,4.5
14:49:04,67,99,34.48,0.99,-0.02,0.22,4.5
14:49:04,66,98,34.53,0.99,-0.02,0.21,4.5
14:49:04,66,98,34.72,0.99,-0.02,0.21,4.5
14:49:04,66,97,34.48,0.99,-0.02,0.22,4.5
14:49:04,67,97,34.34,0.99,-0.02,0.21,4.5
14:49:04,66,97,34.62,0.99,-0.03,0.2,4.5
14:49:04,67,99,34.48,0.99,-0.02,0.21,4.5
14:49:04,68,97,34.53,0.99,-0.03,0.21,4.5
14:49:04,67,97,34.48,0.99,-0.02,0.21,4.5
14:49:05,68,99,34.48,0.99,-0.02,0.21,4.5
14:49:05,67,98,34.53,0.99,-0.02,0.21,4.5
14:49:05,66,98,34.72,0.99,-0.02,0.2,4.5
14:49:05,65,98,34.44,0.99,-0.02,0.21,4.5
14:49:05,66,98,34.44,0.98,-0.02,0.21,4.5
14:49:05,67,99,34.48,0.99,-0.03,0.21,4.5
14:49:05,67,98,34.53,0.99,-0.02,0.22,4.5
14:49:05,66,98,34.62,0.99,-0.02,0.21,4.5
14:49:05,68,99,34.67,0.98,-0.02,0.21,4.5
14:49:05,66,97,34.53,0.99,-0.02,0.21,4.5
14:49:05,67,99,34.62,0.99,-0.02,0.22,4.5
14:49:05,64,99,34.48,0.98,-0.02,0.22,4.5
14:49:05,67,97,34.53,0.98,-0.02,0.23,4.5
14:49:05,68,98,34.48,0.98,-0.02,0.22,4.5
14:49:05,65,97,34.48,0.98,-0.02,0.21,4.5
14:49:05,65,99,34.67,0.99,-0.02,0.21,4.5
14:49:05,68,99,34.67,0.99,-0.02,0.22,4.5
14:49:05,66,97,34.34,0.98,-0.02,0.22,4.5
14:49:05,68,98,34.53,0.98,-0.02,0.21,4.5
14:49:05,65,98,34.53,0.98,-0.02,0.22,4.5
14:49:06,65,98,34.62,0.98,-0.02,0.22,4.5
14:49:06,67,97,34.48,0.98,-0.02,0.22,4.5
14:49:06,67,99,34.72,0.99,-0.02,0.22,4.5
14:49:06,66,99,34.62,0.99,-0.02,0.22,4.5
14:49:06,65,97,34.72,0.98,-0.02,0.22,4.5
14:49:06,68,99,34.48,0.99,-0.02,0.22,4.5
14:49:06,66,98,34.81,0.99,-0.02,0.22,4.5
14:49:06,66,97,34.62,0.98,-0.02,0.21,4.5
14:49:06,66,98,34.67,0.98,-0.02,0.21,4.5
14:49:06,66,99,34.62,0.99,-0.02,0.21,4.5
14:49:06,66,99,34.53,0.99,-0.02,0.22,4.5
14:49:06,65,97,34.2,0.98,-0.02,0.22,4.5
14:49:06,67,97,34.53,0.98,-0.02,0.21,4.5
14:49:06,64,99,34.72,0.99,-0.02,0.22,4.5
14:49:06,66,99,34.48,0.98,-0.02,0.22,4.5
14:49:06,66,98,34.62,0.99,-0.02,0.21,4.5
14:49:06,64,98,34.72,0.98,-0.02,0.22,4.5
14:49:06,65,97,34.72,0.99,-0.02,0.22,4.5
14:49:06,66,99,34.53,0.99,-0.02,0.21,4.5
14:49:06,65,97,34.72,0.98,-0.02,0.22,4.5
14:49:06,65,97,34.62,0.99,-0.02,0.21,4.5
14:49:07,64,98,34.86,0.99,-0.02,0.21,4.5
14:49:07,67,98,34.53,0.99,-0.02,0.22,4.5
14:49:07,63,98,34.67,0.98,-0.02,0.21,4.5
14:49:07,64,98,34.72,0.99,-0.02,0.22,4.5
14:49:07,65,97,34.44,0.99,-0.01,0.22,4.5
14:49:07,64,98,34.62,0.98,-0.02,0.22,4.5
14:49:07,67,98,34.48,0.99,-0.02,0.22,4.5
14:49:07,67,98,34.62,0.98,-0.02,0.22,4.5
14:49:07,66,98,34.72,0.99,-0.02,0.21,4.5
14:49:07,67,98,34.62,0.98,-0.02,0.22,4.5
14:49:07,66,99,34.62,0.99,-0.02,0.22,4.5
14:49:07,67,99,34.48,0.98,-0.02,0.22,4.5
14:49:07,66,97,34.53,0.98,-0.02,0.22,4.5
14:49:07,67,97,34.48,0.98,-0.02,0.22,4.5
14:49:07,66,99,34.48,0.98,-0.01,0.22,4.5
14:49:07,66,98,34.67,0.98,-0.02,0.22,4.5
14:49:07,63,99,34.48,0.98,-0.02,0.23,4.5
14:49:07,66,98,34.62,0.99,-0.02,0.21,4.5
14:49:08,65,97,34.48,0.99,-0.01,0.22,4.5
14:49:08,64,98,34.62,0.99,-0.01,0.21,4.5
14:49:08,64,98,34.62,0.99,-0.02,0.22,4.5
14:49:08,65,99,34.67,0.98,-0.02,0.22,4.5
14:49:08,64,98,34.48,0.98,-0.02,0.23,4.5
14:49:08,64,99,34.53,0.98,-0.01,0.21,4.5
14:49:08,66,97,34.62,0.98,-0.01,0.23,4.5
14:49:08,64,98,34.72,0.99,-0.02,0.21,4.5
14:49:08,63,98,34.81,0.99,-0.02,0.23,4.5
14:49:08,66,99,34.72,0.99,-0.01,0.22,4.5
14:49:08,67,99,34.48,0.98,-0.02,0.22,4.5
14:49:08,63,97,34.67,0.99,-0.01,0.22,4.5
14:49:08,65,98,34.62,0.98,-0.02,0.23,4.5
14:49:08,65,99,34.67,0.99,-0.02,0.22,4.5
14:49:08,64,99,34.62,0.98,-0.02,0.22,4.5
14:49:08,67,99,34.72,0.98,-0.02,0.21,4.5
14:49:08,65,97,34.53,0.98,-0.02,0.22,4.5
14:49:08,64,98,34.62,0.99,-0.02,0.22,4.5
14:49:08,66,98,34.62,0.99,-0.02,0.22,4.5
14:49:08,65,98,34.62,0.98,-0.02,0.22,4.5
14:49:09,65,99,34.62,0.99,-0.02,0.22,4.5
14:49:09,65,99,34.62,0.98,-0.02,0.21,4.5
14:49:09,63,98,34.72,0.99,-0.02,0.22,4.5
14:49:09,65,98,34.62,0.99,-0.02,0.22,4.5
14:49:09,64,97,34.62,0.99,-0.02,0.21,4.5
14:49:09,67,99,34.48,0.98,-0.02,0.22,4.5
14:49:09,64,99,34.67,0.98,-0.02,0.21,4.5
14:49:09,64,98,34.48,0.98,-0.02,0.22,4.5
14:49:09,64,99,34.72,0.98,-0.02,0.22,4.5
14:49:09,64,97,34.62,0.98,-0.02,0.21,4.5
14:49:09,63,99,34.48,0.99,-0.02,0.22,4.5
14:49:09,67,99,34.44,0.99,-0.02,0.22,4.5
14:49:09,63,98,34.67,0.98,-0.02,0.21,4.5
14:49:09,65,98,34.48,0.98,-0.02,0.22,4.5
14:49:09,66,98,34.53,0.99,-0.02,0.22,4.5
14:49:09,66,97,34.34,0.98,-0.02,0.22,4.5
14:49:09,67,97,34.86,0.98,-0.02,0.22,4.5
14:49:09,67,97,34.48,0.98,-0.02,0.22,4.5
14:49:10,65,97,34.48,0.98,-0.02,0.22,4.5
14:49:10,67,97,34.34,0.99,-0.02,0.22,4.5
14:49:10,68,98,34.95,0.99,-0.02,0.22,4.5
14:49:10,67,97,34.53,0.99,-0.02,0.22,4.5
14:49:10,66,98,34.67,0.98,-0.02,0.22,4.5
14:49:10,66,98,34.86,0.98,-0.02,0.22,4.5
14:49:10,64,97,34.44,0.98,-0.02,0.22,4.5
14:49:10,68,97,34.67,0.99,-0.01,0.21,4.5
14:49:10,66,98,34.44,0.99,-0.02,0.21,4.5
14:49:10,66,97,34.72,0.99,-0.02,0.22,4.5
14:49:10,65,98,34.67,0.98,-0.02,0.22,4.5
14:49:10,67,97,34.62,0.98,-0.02,0.23,4.5
14:49:10,64,98,34.72,0.99,-0.02,0.21,4.5
14:49:10,68,97,34.72,0.98,-0.02,0.22,4.5
14:49:10,68,97,34.62,0.99,-0.01,0.22,4.5
14:49:10,65,97,34.62,0.98,-0.02,0.22,4.5
14:49:11,65,99,34.86,0.99,-0.04,0.15,4.5
14:49:11,67,98,34.48,0.98,-0.02,0.23,4.5
14:49:11,66,97,34.67,0.98,-0.02,0.22,4.5
14:49:11,65,98,34.67,0.98,-0.02,0.22,4.5
14:49:11,67,99,34.72,0.98,-0.02,0.21,4.5
14:49:11,68,97,34.53,0.98,-0.01,0.23,4.5
14:49:11,68,98,34.67,0.98,-0.02,0.21,4.5
14:49:11,68,98,34.48,0.99,-0.02,0.22,4.5
14:49:11,68,99,34.48,0.98,-0.01,0.22,4.5
14:49:11,65,98,34.53,0.98,-0.02,0.23,4.5
14:49:11,65,98,34.81,0.98,-0.02,0.22,4.5
14:49:11,67,98,34.48,0.98,-0.02,0.23,4.5
14:49:11,67,97,34.72,0.98,-0.02,0.22,4.5
14:49:11,66,97,34.67,0.98,-0.02,0.22,4.5
14:49:11,66,97,34.67,0.99,-0.02,0.22,4.5
14:49:11,66,97,34.62,0.98,-0.02,0.22,4.5
14:49:11,68,98,34.48,0.98,-0.02,0.22,4.5
14:49:11,68,99,34.48,0.98,-0.02,0.22,4.5
14:49:11,68,98,34.72,0.98,-0.02,0.23,4.5
14:49:11,67,99,34.72,0.98,-0.02,0.22,4.5
14:49:11,67,98,34.62,0.98,-0.02,0.23,4.5
14:49:11,69,98,34.67,0.98,-0.01,0.22,4.5
14:49:12,67,98,34.53,0.98,-0.02,0.23,4.5
14:49:12,68,97,34.48,0.98,-0.02,0.22,4.5
14:49:12,66,97,34.72,0.98,-0.02,0.22,4.5
14:49:12,68,98,34.53,0.99,-0.02,0.22,4.5
14:49:12,67,97,34.72,0.99,-0.02,0.22,4.5
14:49:12,69,97,34.44,0.98,-0.02,0.22,4.5
14:49:12,66,98,34.62,0.98,-0.02,0.22,4.5
14:49:12,69,97,34.62,0.98,-0.01,0.22,4.5
14:49:12,66,99,34.72,0.99,-0.02,0.22,4.5
14:49:12,70,97,34.67,0.99,-0.02,0.22,4.5
14:49:12,68,99,34.48,0.98,-0.02,0.22,4.5
14:49:12,69,98,34.62,0.99,-0.02,0.21,4.5
14:49:12,69,99,34.62,0.98,-0.02,0.22,4.5
14:49:12,69,98,34.48,0.98,-0.02,0.21,4.5
14:49:12,68,97,34.72,0.98,-0.02,0.22,4.5
14:49:12,69,98,34.44,0.99,-0.02,0.22,4.5
14:49:12,67,98,34.62,0.99,-0.02,0.22,4.5
14:49:12,71,99,34.67,0.98,-0.02,0.22,4.5
14:49:13,69,98,34.72,0.99,-0.02,0.22,4.5
14:49:13,68,97,34.67,0.98,-0.02,0.22,4.5
14:49:13,68,97,34.44,0.99,-0.01,0.22,4.5
14:49:13,69,99,34.62,0.98,-0.02,0.22,4.5
14:49:13,68,98,34.48,0.99,-0.02,0.22,4.5
14:49:13,69,97,34.72,0.98,-0.02,0.22,4.5
14:49:13,70,98,34.72,0.99,-0.01,0.22,4.5
14:49:13,71,99,34.62,0.99,-0.01,0.22,4.5
14:49:13,69,97,34.62,0.99,-0.02,0.22,4.5
14:49:13,72,97,34.62,0.99,-0.01,0.22,4.5
14:49:13,71,99,34.62,0.99,-0.02,0.22,4.5
14:49:13,69,99,34.44,0.98,-0.01,0.22,4.5
14:49:13,69,97,34.48,0.99,-0.02,0.22,4.5
14:49:13,69,98,34.44,0.99,-0.01,0.22,4.5
14:49:13,72,98,34.62,0.99,-0.02,0.22,4.5
14:49:13,69,99,34.62,0.98,-0.02,0.22,4.5
14:49:13,71,97,34.72,0.98,-0.02,0.22,4.5
14:49:13,70,98,34.72,0.98,-0.02,0.22,4.5
14:49:13,71,97,34.67,0.98,-0.02,0.22,4.5
14:49:13,71,99,34.53,0.98,-0.02,0.22,4.5
14:49:13,72,98,34.72,0.99,-0.02,0.23,4.5
14:49:13,72,97,34.62,0.98,-0.02,0.22,4.5
14:49:14,72,97,34.72,0.99,-0.02,0.22,4.5
14:49:14,71,98,34.67,0.99,-0.02,0.22,4.5
14:49:14,70,98,34.53,0.98,-0.02,0.22,4.5
14:49:14,73,97,34.62,0.98,-0.02,0.22,4.5
14:49:14,71,98,34.81,0.98,-0.02,0.22,4.5
14:49:14,72,99,34.48,0.98,-0.01,0.22,4.5
14:49:14,72,99,34.67,0.99,-0.02,0.22,4.5
14:49:14,72,99,34.53,0.98,-0.02,0.22,4.5
14:49:14,73,97,34.44,0.98,-0.02,0.22,4.5
14:49:14,72,97,34.62,0.99,-0.02,0.22,4.5
14:49:14,71,97,34.34,0.98,-0.02,0.22,4.5
14:49:14,74,97,34.62,0.98,-0.02,0.22,4.5
14:49:14,71,97,34.53,0.98,-0.02,0.22,4.5
14:49:14,71,99,34.62,0.98,-0.02,0.22,4.5
14:49:14,72,97,34.62,0.98,-0.02,0.22,4.5
14:49:14,73,99,34.72,0.99,-0.02,0.21,4.5
14:49:14,71,97,34.62,0.99,-0.02,0.23,4.5
14:49:14,72,99,34.81,0.99,-0.02,0.21,4.5
14:49:14,74,98,34.48,0.98,-0.02,0.22,4.5
14:49:15,74,99,34.62,0.99,-0.02,0.21,4.5
14:49:15,75,99,34.53,0.98,-0.02,0.23,4.5
14:49:15,72,97,34.72,0.99,-0.02,0.22,4.5
14:49:15,75,97,34.44,0.99,-0.02,0.22,4.5
14:49:15,74,98,34.72,0.98,-0.02,0.21,4.5
14:49:15,74,97,34.48,0.99,-0.02,0.22,4.5
14:49:15,73,99,34.48,0.98,-0.02,0.22,4.5
14:49:15,74,97,34.62,0.98,-0.03,0.22,4.5
14:49:15,73,99,34.72,0.98,-0.02,0.22,4.5
14:49:15,74,97,34.29,0.99,-0.02,0.21,4.5
14:49:15,74,98,34.62,0.99,-0.02,0.22,4.5
14:49:15,76,98,34.86,0.99,-0.02,0.22,4.5
14:49:15,72,98,34.48,0.99,-0.02,0.22,4.5
14:49:15,75,98,34.67,0.99,-0.02,0.21,4.5
14:49:15,72,98,34.48,0.99,-0.02,0.22,4.5
14:49:15,73,98,34.72,0.99,-0.02,0.21,4.5
14:49:15,74,99,34.62,0.99,-0.02,0.22,4.5
14:49:15,73,97,34.81,0.99,-0.02,0.22,4.5
14:49:15,75,97,34.53,0.98,-0.02,0.22,4.5
14:49:16,76,98,34.62,0.99,-0.02,0.22,4.5
14:49:16,76,99,34.62,0.98,-0.02,0.22,4.5
14:49:16,77,99,34.48,0.99,-0.03,0.22,4.5
14:49:16,76,98,34.48,0.99,-0.02,0.22,4.5
14:49:16,77,99,34.67,0.99,-0.02,0.22,4.5
14:49:16,75,97,34.72,0.99,-0.02,0.22,4.5
14:49:16,75,97,34.53,0.98,-0.02,0.22,4.5
14:49:16,75,98,34.62,0.99,-0.02,0.22,4.5
14:49:16,74,99,34.44,0.98,-0.02,0.21,4.5
14:49:16,78,99,34.62,0.99,-0.02,0.22,4.5
14:49:16,75,98,34.48,0.98,-0.02,0.22,4.5
14:49:16,77,97,34.48,0.98,-0.02,0.22,4.5
14:49:16,76,97,34.67,0.98,-0.02,0.22,4.5
14:49:17,76,99,34.72,0.99,-0.02,0.22,4.5
14:49:17,77,97,34.53,0.99,-0.02,0.22,4.5
14:49:17,75,97,34.48,0.99,-0.02,0.22,4.5
14:49:17,78,99,34.48,0.99,-0.02,0.21,4.5
14:49:17,77,97,34.62,0.99,-0.02,0.21,4.5
14:49:17,76,99,34.67,0.98,-0.02,0.22,4.5
14:49:17,76,97,34.53,0.99,-0.02,0.22,4.5
14:49:17,78,97,34.44,0.98,-0.02,0.22,4.5
14:49:17,76,98,34.72,0.98,-0.02,0.22,4.5
14:49:17,79,97,34.53,0.99,-0.02,0.21,4.5
14:49:17,76,97,34.48,0.99,-0.02,0.22,4.5
14:49:17,78,97,34.53,0.98,-0.02,0.22,4.5
14:49:17,79,98,34.62,0.98,-0.02,0.22,4.5
14:49:17,76,99,34.62,0.99,-0.02,0.22,4.5
14:49:17,79,97,34.62,0.99,-0.02,0.22,4.5
14:49:17,76,97,34.62,0.98,-0.02,0.22,4.5
14:49:17,77,98,34.72,0.99,-0.02,0.22,4.5
14:49:17,78,97,34.44,0.98,-0.02,0.22,4.5
14:49:17,79,97,34.72,0.98,-0.02,0.22,4.5
14:49:17,80,99,34.72,0.99,-0.02,0.22,4.5
14:49:17,80,97,34.53,0.98,-0.02,0.21,4.5
14:49:17,80,98,34.48,0.98,-0.02,0.22,4.5
14:49:17,79,99,34.72,0.99,-0.02,0.22,4.5
14:49:17,78,97,34.72,0.99,-0.02,0.22,4.5
14:49:17,79,99,34.72,0.98,-0.02,0.22,4.5
14:49:17,78,98,34.67,0.99,-0.02,0.22,4.5
14:49:18,78,98,34.48,0.98,-0.02,0.22,4.5
14:49:18,79,98,34.62,0.99,-0.02,0.22,4.5
14:49:18,79,98,34.53,0.98,-0.02,0.21,4.5
14:49:18,77,99,34.53,0.98,-0.02,0.22,4.5
14:49:18,81,97,34.53,0.99,-0.02,0.22,4.5
14:49:18,80,98,34.67,0.99,-0.02,0.21,4.5
14:49:18,80,98,34.29,0.98,-0.02,0.23,4.5
14:49:18,79,99,34.53,0.99,-0.02,0.22,4.5
14:49:18,81,97,34.53,0.99,-0.01,0.21,4.5
14:49:18,79,99,34.81,0.99,-0.02,0.22,4.5
14:49:18,80,99,34.67,0.99,-0.02,0.22,4.5
14:49:18,81,97,34.72,0.99,-0.02,0.21,4.5
14:49:18,82,99,34.67,0.98,-0.02,0.21,4.5
14:49:19,80,97,34.62,0.99,-0.02,0.22,4.5
14:49:19,81,99,34.62,0.99,-0.02,0.21,4.5
14:49:19,82,98,34.67,0.99,-0.02,0.21,4.5
14:49:19,83,99,34.72,0.99,-0.02,0.21,4.5
14:49:19,82,97,34.81,0.98,-0.02,0.22,4.5
14:49:19,83,97,34.44,0.99,-0.02,0.21,4.5
14:49:19,83,99,34.53,0.99,-0.02,0.21,4.5
14:49:19,82,98,34.62,0.99,-0.01,0.21,4.5
14:49:19,81,97,34.48,0.98,-0.02,0.21,4.5
14:49:19,82,99,34.67,0.98,-0.02,0.21,4.5
14:49:19,79,97,34.48,0.99,-0.02,0.22,4.5
14:49:19,82,97,34.48,0.98,-0.02,0.21,4.5
14:49:19,82,97,34.62,0.99,-0.02,0.21,4.5
14:49:19,83,97,34.62,0.98,-0.02,0.22,4.5
14:49:19,80,99,34.62,0.99,-0.02,0.21,4.5
14:49:19,80,99,34.48,0.98,-0.02,0.21,4.5
14:49:19,80,98,34.48,0.99,-0.02,0.21,4.5
14:49:19,80,97,34.62,0.98,-0.02,0.21,4.5
14:49:19,82,97,34.67,0.98,-0.02,0.21,4.5
14:49:19,82,99,34.72,0.98,-0.02,0.21,4.5
14:49:19,80,98,34.53,0.99,-0.02,0.21,4.5
14:49:19,83,98,34.72,0.98,-0.02,0.22,4.5
14:49:20,83,99,34.53,0.99,-0.02,0.21,4.5
14:49:20,82,97,34.48,0.98,-0.02,0.21,4.5
14:49:20,81,99,34.72,0.99,-0.02,0.21,4.5
14:49:20,83,98,34.53,0.99,-0.02,0.21,4.5
14:49:20,84,99,34.67,0.98,-0.02,0.21,4.5
14:49:20,84,97,34.48,0.99,-0.02,0.21,4.5
14:49:20,83,99,34.44,0.99,-0.02,0.21,4.5
14:49:20,81,99,34.67,0.99,-0.02,0.21,4.5
14:49:20,85,98,34.72,0.99,-0.02,0.21,4.5
14:49:20,85,99,34.44,0.98,-0.02,0.21,4.5
14:49:20,81,97,34.48,0.99,-0.02,0.22,4.5
14:49:20,82,97,34.62,0.98,-0.02,0.22,4.5
14:49:20,82,99,34.34,0.99,-0.02,0.21,4.5
14:49:20,84,99,34.48,0.99,-0.02,0.21,4.5
14:49:20,83,99,34.72,0.99,-0.02,0.22,4.5
14:49:20,84,97,34.72,0.98,-0.02,0.21,4.5
14:49:20,82,98,34.34,0.99,-0.02,0.22,4.5
14:49:20,81,98,34.62,0.99,-0.02,0.22,4.5
14:49:21,84,97,34.48,0.99,-0.02,0.21,4.5
14:49:21,84,99,34.44,0.99,-0.02,0.21,4.5
14:49:21,84,99,34.72,0.98,-0.02,0.22,4.5
14:49:21,82,97,34.72,0.98,-0.02,0.21,4.5
14:49:21,83,99,34.62,0.98,-0.02,0.21,4.5
14:49:21,82,97,34.48,0.99,-0.02,0.22,4.5
14:49:21,83,98,34.72,0.99,-0.02,0.21,4.5
14:49:21,84,99,34.72,0.99,-0.02,0.21,4.5
14:49:21,85,98,34.81,0.99,-0.02,0.21,4.5
14:49:21,82,99,34.62,0.99,-0.02,0.21,4.5
14:49:21,82,97,34.44,0.99,-0.03,0.21,4.5
14:49:21,84,99,34.62,0.99,-0.02,0.22,4.5
14:49:21,82,98,34.48,0.99,-0.02,0.21,4.5
14:49:21,83,97,34.62,0.98,-0.02,0.21,4.5
14:49:21,82,98,34.72,0.98,-0.02,0.21,4.5
14:49:21,84,98,34.62,0.99,-0.02,0.22,4.5
14:49:21,84,97,34.53,0.98,-0.02,0.22,4.5
14:49:21,86,97,34.81,0.99,-0.02,0.21,4.5
14:49:21,86,97,34.53,0.99,-0.02,0.21,4.5
14:49:21,86,98,34.72,0.99,-0.02,0.21,4.5
14:49:22,85,97,34.67,0.99,-0.02,0.21,4.5
14:49:22,83,99,34.62,0.98,-0.02,0.22,4.5
14:49:22,85,99,34.67,0.99,-0.02,0.22,4.5
14:49:22,83,97,34.86,0.98,-0.02,0.21,4.5
14:49:22,83,98,34.48,0.98,-0.02,0.21,4.5
14:49:22,83,99,34.72,0.99,-0.02,0.21,4.5
14:49:22,83,98,34.48,0.99,-0.02,0.21,4.5
14:49:22,84,98,34.53,0.99,-0.02,0.21,4.5
14:49:22,86,97,34.72,0.99,-0.02,0.21,4.5
14:49:22,83,98,34.53,0.98,-0.02,0.21,4.5
14:49:22,83,99,34.72,0.99,-0.02,0.21,4.5
14:49:22,86,98,34.53,0.99,-0.02,0.21,4.5
14:49:22,85,99,34.62,0.99,-0.02,0.21,4.5
14:49:22,85,97,34.44,0.99,-0.02,0.21,4.5
14:49:23,85,99,34.48,0.98,-0.02,0.21,4.5
14:49:23,83,98,34.48,0.99,-0.02,0.21,4.5
14:49:23,87,98,34.48,0.98,-0.02,0.21,4.5
14:49:23,84,98,34.62,0.99,-0.07,0.14,4.5
14:49:23,85,98,34.72,0.99,-0.02,0.21,4.5
14:49:23,86,97,34.48,0.99,-0.02,0.21,4.5
14:49:23,84,98,34.62,0.98,-0.03,0.2,4.5
14:49:23,84,99,34.67,0.99,-0.02,0.22,4.5
14:49:23,85,97,34.67,0.99,-0.02,0.21,4.5
14:49:23,85,99,34.62,0.99,-0.02,0.21,4.5
14:49:23,86,97,34.67,0.99,-0.01,0.21,4.5
14:49:23,86,99,34.67,0.99,-0.02,0.22,4.5
14:49:23,85,97,34.48,0.99,-0.02,0.21,4.5
14:49:23,84,98,34.48,0.98,-0.02,0.21,4.5
14:49:23,84,99,34.62,0.99,-0.02,0.21,4.5
14:49:23,86,97,34.72,0.99,-0.02,0.22,4.5
14:49:23,84,98,34.62,0.98,-0.02,0.22,4.5
14:49:23,87,98,34.44,0.98,-0.02,0.21,4.5
14:49:23,86,99,34.48,0.99,-0.03,0.22,4.5
14:49:23,84,97,34.62,0.99,-0.03,0.22,4.5
14:49:23,86,97,34.62,0.98,-0.02,0.21,4.5
14:49:23,83,99,34.53,0.99,-0.02,0.21,4.5
14:49:23,84,98,34.48,0.99,-0.02,0.21,4.5
14:49:23,85,97,34.62,0.98,-0.02,0.21,4.5
14:49:23,84,98,34.62,0.99,-0.02,0.21,4.5
14:49:23,83,99,34.44,0.99,-0.01,0.22,4.5
14:49:23,87,98,34.72,0.99,-0.02,0.22,4.5
14:49:24,85,97,34.67,0.98,-0.02,0.21,4.5
14:49:24,86,98,34.86,0.99,-0.02,0.21,4.5
14:49:24,84,98,34.62,0.99,-0.02,0.22,4.5
14:49:24,86,99,34.62,0.99,-0.02,0.22,4.5
14:49:24,84,99,34.62,0.99,-0.02,0.22,4.5
14:49:24,87,98,34.62,0.99,-0.02,0.22,4.5
14:49:24,85,97,34.67,0.99,-0.02,0.22,4.5
14:49:24,83,97,34.67,0.99,-0.02,0.21,4.5
14:49:24,85,98,34.48,0.98,-0.02,0.22,4.5
14:49:24,86,97,34.62,0.98,-0.02,0.21,4.5
14:49:24,86,99,34.62,0.99,-0.02,0.21,4.5
14:49:24,85,98,34.62,0.99,-0.02,0.21,4.5
14:49:24,86,98,34.53,0.99,-0.02,0.21,4.5
14:49:24,85,99,34.72,0.99,-0.02,0.21,4.5
14:49:24,86,98,34.62,0.99,-0.02,0.21,4.5
14:49:24,84,99,34.62,0.99,-0.02,0.21,4.5
14:49:24,83,99,34.62,0.98,-0.02,0.21,4.5
14:49:24,86,99,34.48,0.99,-0.02,0.22,4.5
14:49:25,83,98,34.67,0.98,-0.02,0.22,4.5
14:49:25,84,98,34.62,0.98,-0.01,0.21,4.5
14:49:25,86,98,34.44,0.99,-0.02,0.22,4.5
14:49:25,84,98,34.62,0.98,-0.02,0.21,4.5
14:49:25,86,97,34.53,0.99,-0.02,0.22,4.5
14:49:25,85,97,34.48,0.98,-0.02,0.22,4.5
14:49:25,86,98,34.67,0.98,-0.02,0.21,4.5
14:49:25,85,98,34.67,0.98,-0.02,0.22,4.5
14:49:25,86,99,34.72,0.98,-0.02,0.22,4.5
14:49:25,83,99,34.62,0.98,-0.01,0.21,4.5
14:49:25,84,99,34.62,0.99,-0.02,0.21,4.5
14:49:25,86,97,34.44,0.99,-0.02,0.22,4.5
14:49:25,86,99,34.67,0.99,-0.01,0.22,4.5
14:49:25,85,98,34.72,0.99,-0.01,0.21,4.5
14:49:25,84,99,34.81,0.99,-0.02,0.22,4.5
14:49:25,85,98,34.86,0.98,-0.02,0.21,4.5
14:49:25,85,97,34.62,0.99,-0.02,0.21,4.5
14:49:25,83,97,34.62,0.98,-0.01,0.22,4.5
14:49:25,85,99,34.62,0.98,-0.01,0.22,4.5
14:49:25,86,97,34.62,0.98,-0.02,0.21,4.5
14:49:26,83,98,34.62,0.99,-0.02,0.22,4.5
14:49:26,84,97,34.81,0.99,-0.02,0.21,4.5
14:49:26,84,99,34.72,0.98,-0.02,0.21,4.5
14:49:26,83,97,34.53,0.99,-0.02,0.21,4.5
14:49:26,82,98,34.62,0.99,-0.02,0.22,4.5
14:49:26,82,97,34.48,0.98,-0.02,0.21,4.5
14:49:26,86,97,34.72,0.98,-0.01,0.22,4.5
14:49:26,83,98,34.44,0.99,-0.02,0.22,4.5
14:49:26,85,97,34.62,0.98,-0.02,0.22,4.5
14:49:26,85,99,34.72,0.99,-0.07,0.18,4.5
14:49:26,83,99,34.67,0.99,-0.02,0.22,4.5
14:49:26,83,97,34.67,0.98,-0.02,0.22,4.5
14:49:26,84,98,34.44,0.98,-0.02,0.22,4.5
14:49:26,83,97,34.67,0.99,0.05,0.25,4.5
14:49:26,82,97,34.72,0.99,-0.02,0.22,4.5
14:49:26,85,98,34.72,0.98,-0.02,0.22,4.5
14:49:26,85,99,34.34,0.98,-0.02,0.23,4.5
14:49:26,84,97,34.48,0.98,-0.02,0.2,4.5
14:49:26,85,98,34.48,0.98,-0.02,0.22,4.5
14:49:26,81,98,34.72,0.99,-0.02,0.22,4.5
14:49:27,83,97,34.53,0.98,-0.02,0.21,4.5
14:49:27,83,97,34.72,0.98,-0.02,0.22,4.5
14:49:27,82,99,34.48,0.98,-0.01,0.22,4.5
14:49:27,84,97,34.62,0.99,-0.01,0.22,4.5
14:49:27,85,97,34.81,0.98,-0.02,0.23,4.5
14:49:27,84,98,34.62,0.98,-0.02,0.23,4.5
14:49:27,83,99,34.72,0.98,-0.01,0.23,4.5
14:49:27,81,99,34.48,0.99,-0.02,0.21,4.5
14:49:27,84,97,34.48,0.99,-0.02,0.21,4.5
14:49:27,82,97,34.62,0.98,-0.0,0.25,4.5
14:49:27,81,97,34.72,0.99,-0.02,0.22,4.5
14:49:27,84,98,34.62,0.99,-0.02,0.22,4.5
14:49:27,83,99,34.44,0.99,-0.02,0.21,4.5
14:49:27,84,99,34.53,0.99,-0.02,0.21,4.5
14:49:27,81,99,34.72,0.98,-0.01,0.22,4.5
14:49:27,81,99,34.53,0.99,-0.01,0.22,4.5
14:49:27,83,97,34.62,0.98,-0.01,0.22,4.5
14:49:27,81,98,34.72,0.98,-0.01,0.22,4.5
14:49:28,84,99,34.48,0.99,-0.02,0.22,4.5
14:49:28,83,98,34.48,1.0,-0.02,0.2,4.5
14:49:28,81,98,34.62,0.99,-0.02,0.2,4.5
14:49:28,80,97,34.44,0.99,-0.02,0.21,4.5
14:49:28,80,98,34.72,0.99,-0.02,0.2,4.5
14:49:28,82,98,34.67,0.99,-0.02,0.2,4.5
14:49:28,83,98,34.62,0.99,-0.02,0.21,4.5
14:49:28,83,98,34.72,0.99,-0.02,0.2,4.5
14:49:28,82,98,34.72,0.99,-0.02,0.2,4.5
14:49:28,81,97,34.48,0.98,-0.02,0.2,4.5
14:49:28,83,97,34.62,0.99,-0.02,0.2,4.5
14:49:28,80,98,34.48,0.99,-0.02,0.2,4.5
14:49:28,82,99,34.34,0.99,-0.02,0.2,4.5
14:49:28,80,99,34.53,0.99,-0.02,0.21,4.5
14:49:28,81,99,34.72,0.99,-0.02,0.2,4.5
14:49:28,81,98,34.53,0.99,-0.02,0.21,4.5
14:49:28,82,98,34.48,0.99,-0.02,0.22,4.5
14:49:28,79,98,34.67,0.99,-0.01,0.2,4.5
14:49:28,80,97,34.48,0.98,-0.02,0.22,4.5
14:49:28,81,98,34.34,0.98,-0.02,0.22,4.5
14:49:28,81,98,34.86,0.99,-0.01,0.22,4.5
14:49:28,79,98,34.72,0.98,-0.02,0.22,4.5
14:49:29,79,98,34.72,0.99,-0.01,0.21,4.5
14:49:29,78,99,34.62,0.98,-0.02,0.22,4.5
14:49:29,79,99,34.72,0.98,-0.02,0.22,4.5
14:49:29,81,97,34.48,0.98,-0.02,0.22,4.5
14:49:29,80,97,34.86,0.99,-0.02,0.21,4.5
14:49:29,81,98,34.67,0.98,-0.02,0.22,4.5
14:49:29,81,97,34.72,0.98,-0.02,0.22,4.5
14:49:29,78,97,34.72,0.98,-0.02,0.21,4.5
14:49:29,78,97,34.67,0.99,-0.02,0.21,4.5
14:49:29,81,98,34.67,0.99,-0.02,0.21,4.5
14:49:29,79,97,34.48,0.98,-0.02,0.21,4.5
14:49:29,80,97,34.72,0.99,-0.01,0.22,4.5
14:49:30,80,98,34.53,0.98,-0.02,0.21,4.5
14:49:30,79,99,34.53,0.98,-0.02,0.21,4.5
14:49:30,80,99,34.53,0.99,-0.02,0.21,4.5
14:49:30,80,99,34.72,0.98,-0.02,0.22,4.5
14:49:30,79,97,34.72,0.98,-0.02,0.22,4.5
14:49:30,80,98,34.86,0.98,-0.01,0.22,4.5
14:49:30,77,97,34.67,0.98,-0.02,0.22,4.5
14:49:30,78,98,34.67,0.98,-0.01,0.22,4.5
14:49:30,79,98,34.86,0.98,-0.02,0.22,4.5
14:49:30,78,97,34.81,0.99,-0.02,0.21,4.5
14:49:30,79,98,34.62,0.99,-0.02,0.2,4.5
14:49:30,79,99,34.62,0.97,0.0,0.27,4.5
14:49:30,77,99,34.62,0.99,-0.02,0.21,4.5
14:49:30,79,99,34.67,0.99,-0.02,0.21,4.5
14:49:30,78,99,34.48,0.99,-0.02,0.2,4.5
14:49:30,79,98,34.62,0.99,-0.02,0.21,4.5
14:49:30,76,98,34.72,0.99,-0.02,0.21,4.5
14:49:30,77,99,34.53,0.99,-0.02,0.21,4.5
14:49:30,76,99,34.81,0.99,-0.02,0.2,4.5
14:49:30,76,97,34.48,0.99,-0.02,0.21,4.5
14:49:31,75,97,34.53,0.99,-0.02,0.21,4.5
14:49:31,77,99,34.48,0.99,-0.02,0.21,4.5
14:49:31,76,99,34.86,0.99,-0.02,0.21,4.5
14:49:31,76,99,34.62,0.99,-0.02,0.2,4.5
14:49:31,78,98,34.53,0.99,-0.02,0.21,4.5
14:49:31,74,98,34.62,0.99,-0.02,0.21,4.5
14:49:31,77,98,34.62,0.99,-0.02,0.2,4.5
14:49:31,75,99,34.72,0.99,-0.02,0.2,4.5
14:49:31,78,99,34.67,0.99,-0.02,0.2,4.5
14:49:31,78,99,34.72,0.99,-0.02,0.21,4.5
14:49:31,75,99,34.72,0.99,-0.02,0.2,4.5
14:49:31,76,97,34.48,0.99,-0.02,0.21,4.5
14:49:31,78,99,34.81,0.99,-0.02,0.21,4.5
14:49:31,75,98,34.53,0.99,-0.02,0.21,4.5
14:49:31,77,98,34.81,0.99,-0.02,0.2,4.5
14:49:31,75,99,34.95,0.99,-0.02,0.2,4.5
14:49:31,77,98,34.62,0.99,-0.02,0.2,4.5
14:49:31,76,99,34.48,0.99,-0.03,0.2,4.5
14:49:31,77,98,34.72,0.99,-0.02,0.2,4.5
14:49:31,74,99,34.72,0.99,-0.02,0.2,4.5
14:49:31,74,99,34.72,0.99,-0.02,0.2,4.5
14:49:31,76,97,34.67,0.99,-0.02,0.2,4.5
14:49:31,74,98,34.62,0.99,-0.02,0.2,4.5
14:49:31,75,98,34.72,0.99,-0.02,0.2,4.5
14:49:32,76,98,34.48,0.99,-0.02,0.21,4.5
14:49:32,76,98,34.53,0.99,-0.02,0.2,4.5
14:49:32,74,99,34.72,0.99,-0.02,0.2,4.5
14:49:32,74,97,34.81,0.99,-0.02,0.2,4.5
14:49:32,76,97,34.72,0.99,-0.03,0.2,4.5
14:49:32,75,99,34.48,0.99,-0.02,0.2,4.5
14:49:32,74,98,34.72,0.99,-0.02,0.2,4.5
14:49:32,73,98,34.67,0.99,-0.02,0.2,4.5
14:49:32,73,97,34.53,0.99,-0.03,0.2,4.5
14:49:32,73,97,34.72,0.99,-0.02,0.2,4.5
14:49:32,75,99,34.67,0.99,-0.03,0.19,4.5
14:49:33,71,97,34.95,0.99,-0.02,0.2,4.5
14:49:33,74,98,34.67,0.99,-0.02,0.19,4.5
14:49:33,74,99,34.67,0.99,-0.03,0.2,4.5
14:49:33,73,97,34.62,0.99,-0.03,0.2,4.5
14:49:33,74,98,34.67,0.99,-0.02,0.21,4.5
14:49:33,71,98,34.67,0.95,0.07,0.36,4.5
14:49:33,72,97,34.62,0.99,-0.02,0.2,4.5
14:49:33,72,98,34.72,0.99,-0.02,0.2,4.5
14:49:33,71,98,34.53,0.99,-0.03,0.2,4.5
14:49:33,73,97,34.72,0.99,-0.02,0.2,4.5
14:49:33,74,97,34.53,0.99,-0.03,0.2,4.5
14:49:33,71,97,34.44,0.99,-0.02,0.2,4.5
14:49:33,72,99,34.62,0.99,-0.03,0.2,4.5
14:49:33,70,98,34.53,0.99,-0.02,0.19,4.5
14:49:33,73,99,34.62,0.99,-0.02,0.2,4.5
14:49:33,72,97,34.53,0.99,-0.02,0.2,4.5
14:49:33,73,97,34.72,0.99,-0.02,0.2,4.5
14:49:33,71,98,34.62,0.99,-0.03,0.19,4.5
14:49:33,72,98,34.72,0.99,-0.03,0.2,4.5
14:49:33,72,99,34.67,0.99,-0.02,0.2,4.5
14:49:33,69,99,34.67,0.99,-0.02,0.2,4.5
14:49:33,72,98,34.67,0.99,-0.03,0.2,4.5
14:49:33,70,98,34.62,0.99,-0.02,0.2,4.5
14:49:33,73,97,34.62,0.97,0.02,0.32,4.5
14:49:33,71,97,34.72,0.99,-0.02,0.2,4.5
14:49:33,70,97,34.72,0.99,-0.02,0.2,4.5
14:49:33,69,98,34.62,0.99,-0.02,0.2,4.5
14:49:34,73,97,34.48,0.99,-0.02,0.2,4.5
14:49:34,69,98,34.72,0.99,-0.02,0.2,4.5
14:49:34,72,97,34.62,0.99,-0.02,0.19,4.5
14:49:34,69,97,34.67,0.99,-0.02,0.2,4.5
14:49:34,70,99,34.67,0.99,-0.02,0.2,4.5
14:49:34,69,97,34.53,0.99,-0.02,0.2,4.5
14:49:34,71,98,34.44,0.99,-0.02,0.2,4.5
14:49:34,69,97,34.72,0.99,-0.02,0.2,4.5
14:49:34,69,99,34.72,0.99,-0.03,0.2,4.5
14:49:34,69,97,34.48,0.99,-0.01,0.22,4.5
14:49:34,69,99,34.67,0.98,-0.02,0.2,4.5
14:49:34,69,98,34.72,0.99,-0.02,0.2,4.5
14:49:34,68,97,34.86,0.99,-0.02,0.2,4.5
14:49:34,68,98,34.62,0.99,-0.03,0.18,4.5
14:49:34,70,98,34.48,0.99,-0.02,0.21,4.5
14:49:34,71,97,34.81,0.99,-0.01,0.2,4.5
14:49:35,71,99,34.72,0.99,-0.02,0.21,4.5
14:49:35,68,99,34.62,0.99,-0.02,0.2,4.5
14:49:35,70,97,34.62,0.99,-0.03,0.21,4.5
14:49:35,69,97,34.62,0.99,-0.03,0.2,4.5
14:49:35,69,97,34.53,0.99,-0.02,0.2,4.5
14:49:35,71,98,34.29,0.99,-0.02,0.21,4.5
14:49:35,69,98,34.62,0.99,-0.03,0.19,4.5
14:49:35,67,99,34.53,0.99,-0.03,0.2,4.5
14:49:35,70,98,34.48,0.99,-0.03,0.2,4.5
14:49:35,68,99,34.53,0.99,-0.04,0.17,4.5
14:49:35,67,97,34.67,0.99,-0.02,0.22,4.5
14:49:35,69,98,34.53,0.99,-0.03,0.19,4.5
14:49:35,70,99,34.72,1.0,-0.03,0.2,4.5
14:49:35,70,97,34.81,1.01,-0.02,0.22,4.5
14:49:35,70,99,34.44,0.99,-0.04,0.16,4.5
14:49:35,68,99,34.72,1.0,-0.03,0.19,4.5
14:49:35,68,98,34.72,0.98,-0.03,0.2,4.5
14:49:35,70,98,34.62,0.99,-0.01,0.27,4.5
14:49:35,66,97,34.48,0.99,-0.06,0.04,4.5
14:49:35,66,98,34.48,0.99,-0.03,0.19,4.5
14:49:35,66,99,34.72,0.99,-0.03,0.18,4.5
14:49:35,66,99,34.62,0.99,-0.03,0.19,4.5
14:49:35,66,97,34.48,0.99,-0.03,0.19,4.5
14:49:35,68,98,34.62,0.99,-0.03,0.18,4.5
14:49:36,67,97,34.67,0.99,-0.03,0.19,4.5
14:49:36,66,99,34.67,0.99,-0.03,0.19,4.5
14:49:36,66,99,34.72,0.99,-0.03,0.19,4.5
14:49:36,67,99,34.62,0.99,-0.03,0.18,4.5
14:49:36,68,99,34.48,0.99,-0.03,0.18,4.5
14:49:36,68,97,34.48,0.99,-0.03,0.19,4.5
14:49:36,67,99,34.72,0.99,-0.03,0.18,4.5
14:49:36,66,99,34.72,0.99,-0.03,0.19,4.5
14:49:36,66,98,34.67,0.98,-0.03,0.19,4.5
14:49:36,69,98,34.72,1.0,-0.03,0.18,4.5
14:49:36,68,99,34.67,0.99,-0.03,0.19,4.5
14:49:36,67,99,34.48,1.0,-0.03,0.18,4.5
14:49:36,65,99,34.48,0.99,-0.04,0.19,4.5
14:49:36,66,98,34.48,0.99,-0.03,0.19,4.5
14:49:36,66,98,34.72,0.99,-0.03,0.19,4.5
14:49:36,66,98,34.72,0.99,-0.03,0.18,4.5
14:49:36,66,99,34.44,0.99,-0.03,0.19,4.5
14:49:36,68,99,34.53,0.99,-0.03,0.17,4.5
14:49:37,66,97,34.72,0.99,-0.03,0.18,4.5
14:49:37,68,97,34.62,0.99,-0.03,0.18,4.5
14:49:37,67,97,34.44,0.99,-0.03,0.19,4.5
14:49:37,66,97,34.62,0.99,-0.03,0.19,4.5
14:49:37,68,97,34.53,0.99,-0.03,0.18,4.5
14:49:37,65,99,34.72,0.99,-0.03,0.19,4.5
14:49:37,65,98,34.62,0.99,-0.03,0.18,4.5
14:49:37,68,99,34.53,0.99,-0.03,0.19,4.5
14:49:37,65,98,34.62,0.99,-0.03,0.18,4.5
14:49:37,67,99,34.48,0.99,-0.03,0.18,4.5
14:49:37,65,99,34.48,1.0,-0.03,0.18,4.5
14:49:37,65,98,34.48,0.99,-0.03,0.18,4.5
14:49:37,64,97,34.62,0.99,-0.03,0.18,4.5
14:49:37,66,98,34.62,0.99,-0.03,0.19,4.5
14:49:37,64,99,34.62,0.99,-0.03,0.19,4.5
14:49:37,67,98,34.72,0.99,-0.03,0.19,4.5
14:49:37,66,99,34.62,0.99,-0.03,0.18,4.5
14:49:37,66,99,34.62,0.99,-0.03,0.19,4.5
14:49:37,65,98,34.72,0.99,-0.03,0.19,4.5
14:49:37,64,98,34.67,0.99,-0.03,0.19,4.5
14:49:38,64,99,34.48,1.0,-0.03,0.19,4.5
14:49:38,64,99,34.48,0.99,-0.03,0.19,4.5
14:49:38,63,98,34.62,0.99,-0.03,0.18,4.5
14:49:38,65,99,34.62,0.99,-0.03,0.19,4.5
14:49:38,67,99,34.44,1.0,-0.03,0.18,4.5
14:49:38,66,99,34.53,0.99,-0.03,0.19,4.5
14:49:39,64,99,34.81,0.99,-0.03,0.18,4.5
14:49:39,64,98,34.62,0.99,-0.03,0.18,4.5
14:49:39,67,98,34.48,0.99,-0.03,0.18,4.5
14:49:39,65,97,34.72,0.99,-0.03,0.18,4.5
14:49:39,64,99,34.53,0.99,-0.03,0.18,4.5
14:49:39,64,98,34.53,0.99,-0.03,0.19,4.5
14:49:39,66,97,34.53,0.99,-0.03,0.19,4.5
14:49:39,67,98,34.72,0.99,-0.03,0.19,4.5
14:49:39,64,99,34.62,0.99,-0.03,0.18,4.5
14:49:39,66,98,34.62,0.99,-0.03,0.18,4.5
14:49:39,66,99,34.72,0.99,-0.03,0.19,4.5
14:49:39,67,97,34.62,0.99,-0.03,0.18,4.5
14:49:39,66,98,34.81,0.99,-0.03,0.18,4.5
14:49:39,65,98,34.48,0.99,-0.03,0.18,4.5
14:49:39,64,98,34.53,0.99,-0.03,0.19,4.5
14:49:39,64,99,34.81,0.99,-0.03,0.18,4.5
14:49:39,64,97,34.48,0.99,-0.03,0.18,4.5
14:49:39,63,98,34.72,1.0,-0.03,0.18,4.5
14:49:39,66,98,34.72,0.99,-0.03,0.18,4.5
14:49:39,67,98,34.48,0.99,-0.03,0.18,4.5
14:49:39,65,99,34.48,1.0,-0.03,0.19,4.5
14:49:39,65,99,34.48,0.99,-0.03,0.18,4.5
14:49:39,65,98,34.72,0.99,-0.03,0.19,4.5
14:49:39,66,98,34.81,0.99,-0.03,0.18,4.5
14:49:39,66,98,34.67,0.99,-0.03,0.18,4.5
14:49:39,64,99,34.53,1.0,-0.03,0.18,4.5
14:49:39,63,99,34.67,0.99,-0.03,0.19,4.5
14:49:39,65,99,34.62,0.99,-0.03,0.18,4.5
14:49:39,63,97,34.72,0.99,-0.03,0.19,4.5
14:49:39,65,99,34.81,0.99,-0.03,0.18,4.5
14:49:39,65,99,34.53,0.99,-0.03,0.18,4.5
14:49:40,67,98,34.67,0.99,-0.03,0.18,4.5
14:49:40,65,97,34.53,0.99,-0.02,0.18,4.5
14:49:40,65,98,34.53,0.99,-0.03,0.18,4.5
14:49:40,66,98,34.48,0.99,-0.03,0.18,4.5
14:49:40,66,99,34.62,0.99,-0.03,0.18,4.5
14:49:40,67,99,34.67,0.99,-0.03,0.19,4.5
14:49:40,63,97,34.53,0.99,-0.03,0.18,4.5
14:49:40,66,99,34.67,0.99,-0.03,0.18,4.5
14:49:40,66,99,34.53,0.99,-0.03,0.18,4.5
14:49:40,64,97,34.67,1.0,-0.03,0.18,4.5
14:49:40,64,98,34.62,0.99,-0.03,0.18,4.5
14:49:40,65,97,34.53,1.0,-0.03,0.19,4.5
14:49:40,65,98,34.86,1.0,-0.03,0.18,4.5
14:49:40,64,97,34.67,0.99,-0.03,0.19,4.5
14:49:40,67,98,34.72,0.99,-0.03,0.18,4.5
14:49:40,65,98,34.67,1.0,-0.03,0.18,4.5
14:49:40,66,98,34.48,0.99,-0.03,0.19,4.5
14:49:40,65,97,34.53,0.99,-0.03,0.19,4.5
14:49:40,65,97,34.62,0.99,-0.03,0.18,4.5
14:49:41,66,99,34.62,1.0,-0.03,0.18,4.5
14:49:41,64,99,34.62,0.99,-0.04,0.18,4.5
14:49:41,64,98,34.72,0.99,-0.03,0.18,4.5
14:49:41,64,99,34.72,0.99,-0.03,0.19,4.5
14:49:41,64,98,34.53,0.99,-0.03,0.19,4.5
14:49:41,66,97,34.62,0.99,-0.03,0.18,4.5
14:49:41,65,99,34.62,1.0,-0.03,0.18,4.5
14:49:41,66,97,34.72,0.99,-0.03,0.19,4.5
14:49:41,67,99,34.67,1.0,-0.03,0.19,4.5
14:49:41,68,98,34.44,0.99,-0.03,0.18,4.5
14:49:41,67,98,34.53,1.0,-0.03,0.18,4.5
14:49:41,67,98,34.72,0.99,-0.03,0.18,4.5
14:49:41,67,99,34.95,0.99,-0.03,0.18,4.5
14:49:41,67,98,34.48,0.99,-0.03,0.18,4.5
14:49:41,65,98,34.62,0.99,-0.03,0.18,4.5
14:49:41,64,98,34.53,0.99,-0.03,0.18,4.5
14:49:41,65,97,34.67,0.99,-0.03,0.17,4.5
14:49:41,64,97,34.62,0.99,-0.03,0.18,4.5
14:49:41,66,98,34.62,0.99,-0.03,0.19,4.5
14:49:41,65,98,34.48,0.99,-0.03,0.18,4.5
14:49:42,66,99,34.62,0.99,-0.03,0.18,4.5
14:49:42,64,99,34.48,0.99,-0.03,0.18,4.5
14:49:42,67,98,34.72,0.99,-0.03,0.19,4.5
14:49:42,66,99,34.72,0.99,-0.03,0.18,4.5
14:49:42,65,97,34.62,1.0,-0.03,0.19,4.5
14:49:42,67,99,34.48,0.99,-0.03,0.18,4.5
14:49:42,67,97,34.53,0.99,-0.04,0.18,4.5
14:49:42,67,97,34.48,0.99,-0.03,0.18,4.5
14:49:42,66,98,34.72,1.0,-0.04,0.18,4.5
14:49:42,65,99,34.67,0.99,-0.03,0.18,4.5
14:49:42,65,97,34.72,0.99,-0.03,0.18,4.5
14:49:42,66,97,34.48,0.99,-0.03,0.18,4.5
14:49:42,68,98,35.05,0.99,-0.03,0.19,4.5
14:49:42,68,99,34.72,0.99,-0.03,0.18,4.5
14:49:42,67,99,34.86,0.99,-0.04,0.18,4.5
14:49:42,68,98,34.48,0.99,-0.03,0.18,4.5
14:49:42,69,99,34.72,0.99,-0.03,0.19,4.5
14:49:42,68,98,34.72,0.99,-0.03,0.18,4.5
14:49:42,66,99,34.62,0.99,-0.03,0.19,4.5
14:49:43,66,98,34.81,1.0,-0.03,0.18,4.5
14:49:43,67,98,34.53,0.99,-0.03,0.18,4.5
14:49:43,68,99,34.95,0.99,-0.03,0.18,4.5
14:49:43,67,99,34.62,0.99,-0.03,0.19,4.5
14:49:43,67,98,34.62,0.99,-0.03,0.18,4.5
14:49:43,69,97,34.67,0.99,-0.03,0.18,4.5
14:49:43,66,99,34.34,0.99,-0.03,0.18,4.5
14:49:43,66,97,34.62,0.99,-0.03,0.18,4.5
14:49:43,66,99,34.72,1.0,-0.03,0.18,4.5
14:49:43,67,98,34.53,0.99,-0.03,0.19,4.5
14:49:43,66,99,34.67,0.99,-0.03,0.18,4.5
14:49:43,68,99,34.53,0.99,-0.03,0.18,4.5
14:49:43,67,97,34.48,0.99,-0.03,0.18,4.5
14:49:43,69,98,34.67,0.99,-0.03,0.18,4.5
14:49:43,69,99,34.72,0.99,-0.03,0.19,4.5
14:49:43,68,97,34.72,0.97,-0.04,0.2,4.5
14:49:43,68,99,34.62,0.99,-0.03,0.18,4.5
14:49:44,68,98,34.67,0.99,-0.03,0.18,4.5
14:49:44,68,98,34.81,0.99,-0.03,0.19,4.5
14:49:44,69,97,34.81,0.99,-0.03,0.18,4.5
14:49:44,69,97,34.81,0.99,-0.03,0.18,4.5
14:49:44,68,97,34.48,0.98,-0.04,0.18,4.5
14:49:44,70,97,34.62,0.98,-0.04,0.2,4.5
14:49:44,69,97,34.72,0.99,-0.03,0.18,4.5
14:49:44,70,97,34.48,0.99,-0.03,0.18,4.5
14:49:44,68,99,34.53,0.99,-0.03,0.18,4.5
14:49:44,69,99,34.48,0.99,-0.03,0.19,4.5
14:49:44,71,99,34.48,1.0,-0.05,0.13,4.5
14:49:44,70,97,34.72,0.99,-0.03,0.18,4.5
14:49:44,69,97,34.48,0.98,-0.04,0.16,4.5
14:49:44,70,97,34.62,0.98,-0.03,0.2,4.5
14:49:44,68,98,34.81,0.99,-0.03,0.18,4.5
14:49:44,71,98,34.62,0.99,-0.03,0.19,4.5
14:49:44,70,97,34.62,0.99,-0.03,0.18,4.5
14:49:44,70,97,34.72,0.99,-0.03,0.19,4.5
14:49:44,69,97,34.62,1.0,-0.04,0.16,4.5
14:49:44,69,98,34.62,0.99,-0.03,0.18,4.5
14:49:44,70,97,34.48,0.99,-0.03,0.18,4.5
14:49:44,70,97,34.81,0.99,-0.03,0.18,4.5
14:49:45,72,97,34.62,1.0,-0.03,0.18,4.5
14:49:45,70,97,34.48,0.99,-0.03,0.19,4.5
14:49:45,71,98,34.67,0.98,-0.01,0.23,4.5
14:49:45,71,98,34.34,0.99,-0.03,0.18,4.5
14:49:45,70,98,34.67,0.99,-0.03,0.19,4.5
14:49:45,71,98,34.48,1.0,-0.03,0.12,4.5
14:49:45,72,98,34.44,0.99,-0.03,0.19,4.5
14:49:45,72,99,34.53,0.99,-0.03,0.18,4.5
14:49:45,71,98,34.62,0.99,-0.03,0.18,4.5
14:49:45,71,97,34.53,1.0,-0.03,0.18,4.5
14:49:45,72,99,34.67,0.99,-0.03,0.2,4.5
14:49:45,71,98,34.34,0.99,-0.03,0.19,4.5
14:49:45,72,97,34.48,0.98,-0.01,0.21,4.5
14:49:45,72,98,34.48,1.0,-0.0,0.02,4.5
14:49:45,71,97,34.67,0.99,-0.03,0.18,4.5
14:49:46,72,99,34.72,0.99,-0.03,0.19,4.5
14:49:46,72,98,34.67,1.0,-0.03,0.18,4.5
14:49:46,74,97,34.72,0.99,-0.03,0.18,4.5
14:49:46,74,98,34.44,0.99,-0.03,0.18,4.5
14:49:46,70,99,34.62,0.99,-0.03,0.18,4.5
14:49:46,71,98,34.48,0.99,-0.03,0.18,4.5
14:49:46,72,98,34.72,1.0,-0.03,0.17,4.5
14:49:46,74,97,34.95,1.0,-0.03,0.18,4.5
14:49:46,71,99,34.67,0.99,-0.03,0.18,4.5
14:49:46,71,97,34.48,1.0,-0.03,0.19,4.5
14:49:46,73,97,34.53,0.99,-0.03,0.19,4.5
14:49:46,72,97,34.48,0.99,-0.03,0.19,4.5
14:49:46,74,98,34.62,0.99,-0.03,0.18,4.5
14:49:46,75,98,34.53,0.99,-0.03,0.18,4.5
14:49:46,74,99,34.34,1.0,-0.03,0.18,4.5
14:49:46,74,97,34.48,0.99,-0.03,0.19,4.5
14:49:46,71,97,34.62,0.99,-0.03,0.18,4.5
14:49:46,75,98,34.62,0.99,-0.03,0.18,4.5
14:49:46,73,97,34.48,0.99,-0.03,0.18,4.5
14:49:46,73,97,34.67,0.99,-0.03,0.19,4.5
14:49:46,72,97,34.48,1.0,-0.03,0.18,4.5
14:49:46,74,97,34.44,0.99,-0.03,0.19,4.5
14:49:46,74,98,34.72,0.99,-0.03,0.18,4.5
14:49:46,76,98,34.67,0.99,-0.03,0.18,4.5
14:49:47,74,97,34.62,1.0,-0.03,0.18,4.5
14:49:47,76,97,34.53,0.99,-0.03,0.18,4.5
14:49:47,75,99,34.67,0.99,-0.03,0.18,4.5
14:49:47,75,99,34.48,0.99,-0.03,0.18,4.5
14:49:47,73,97,34.62,0.99,-0.03,0.19,4.5
14:49:47,74,97,34.95,0.99,-0.03,0.19,4.5
14:49:47,76,98,34.72,0.99,-0.03,0.19,4.5
14:49:47,76,97,34.72,0.99,-0.03,0.19,4.5
14:49:47,77,99,34.53,0.99,-0.03,0.18,4.5
14:49:47,75,97,34.48,0.99,-0.03,0.18,4.5
14:49:48,77,98,34.48,0.99,-0.03,0.19,4.5
14:49:48,77,97,34.81,0.99,-0.03,0.18,4.5
14:49:48,76,99,34.95,0.99,-0.03,0.19,4.5
14:49:48,75,99,34.72,0.99,-0.03,0.18,4.5
14:49:48,76,99,34.67,0.99,-0.03,0.19,4.5
14:49:48,74,98,34.62,0.99,-0.03,0.18,4.5
14:49:48,77,98,34.53,0.99,-0.03,0.19,4.5
14:49:48,75,99,34.72,1.0,-0.03,0.18,4.5
14:49:48,76,99,34.44,1.0,-0.04,0.18,4.5
14:49:48,78,97,34.67,1.0,-0.03,0.18,4.5
14:49:48,75,99,34.48,1.0,-0.03,0.18,4.5
14:49:48,76,99,34.72,0.99,-0.03,0.18,4.5
14:49:48,76,98,34.48,0.99,-0.03,0.18,4.5
14:49:48,77,97,34.48,0.99,-0.03,0.18,4.5
14:49:48,77,97,34.48,0.99,-0.03,0.19,4.5
14:49:48,77,99,34.48,0.99,-0.03,0.18,4.5
14:49:48,78,98,34.48,0.99,-0.03,0.19,4.5
14:49:48,78,99,34.53,0.99,-0.03,0.18,4.5
14:49:48,75,99,34.72,0.99,-0.03,0.18,4.5
14:49:48,78,99,34.72,0.99,-0.03,0.19,4.5
14:49:48,78,98,34.48,1.0,-0.03,0.18,4.5
14:49:48,78,98,34.62,1.0,-0.03,0.18,4.5
14:49:48,77,99,34.72,0.99,-0.03,0.18,4.5
14:49:48,76,99,34.53,1.0,-0.03,0.18,4.5
14:49:49,80,98,34.72,0.99,-0.03,0.18,4.5
14:49:49,77,98,34.62,0.99,-0.03,0.18,4.5
14:49:49,77,97,34.44,0.99,-0.03,0.18,4.5
14:49:49,80,99,34.81,1.0,-0.03,0.19,4.5
14:49:49,79,97,34.72,0.99,-0.03,0.18,4.5
14:49:49,77,97,34.95,0.99,-0.03,0.18,4.5
14:49:49,78,97,34.62,0.99,-0.03,0.18,4.5
14:49:49,78,99,34.48,0.99,-0.02,0.18,4.5
14:49:49,79,97,34.48,0.99,-0.04,0.19,4.5
14:49:49,77,98,34.62,1.0,-0.03,0.18,4.5
14:49:49,77,98,34.48,0.99,-0.03,0.18,4.5
14:49:49,80,97,34.81,0.99,-0.03,0.19,4.5
14:49:49,80,98,34.53,0.99,-0.03,0.18,4.5
14:49:49,78,98,34.48,0.99,-0.03,0.18,4.5
14:49:49,80,98,34.53,0.99,-0.03,0.19,4.5
14:49:49,79,99,34.95,0.99,-0.03,0.17,4.5
14:49:49,78,99,34.72,0.99,-0.03,0.19,4.5
14:49:49,80,98,34.72,0.99,-0.02,0.17,4.5
14:49:49,79,99,34.72,1.01,-0.03,0.2,4.5
14:49:49,80,97,34.67,1.0,-0.02,0.18,4.5
14:49:49,81,98,34.62,1.0,-0.04,0.2,4.5
14:49:49,79,99,34.62,0.99,-0.03,0.17,4.5
14:49:50,80,98,34.48,0.99,-0.03,0.19,4.5
14:49:50,79,99,34.53,1.0,-0.03,0.18,4.5
14:49:50,79,99,34.62,0.98,-0.04,0.19,4.5
14:49:50,82,99,34.62,0.99,-0.03,0.17,4.5
14:49:50,80,98,34.81,0.99,-0.04,0.18,4.5
14:49:50,81,98,34.48,0.99,-0.03,0.18,4.5
14:49:50,79,97,34.72,0.99,-0.03,0.18,4.5
14:49:50,81,97,34.67,0.98,-0.03,0.18,4.5
14:49:50,82,98,34.48,0.99,-0.03,0.19,4.5
14:49:50,79,98,34.53,1.0,-0.03,0.18,4.5
14:49:50,82,97,34.62,0.99,-0.03,0.18,4.5
14:49:50,79,98,34.62,0.99,-0.03,0.18,4.5
14:49:50,81,97,34.67,0.99,-0.03,0.19,4.5
14:49:50,80,97,34.62,1.0,-0.03,0.18,4.5
14:49:50,80,97,34.81,0.99,-0.03,0.18,4.5
14:49:50,82,98,34.48,0.99,-0.04,0.19,4.5
14:49:50,82,98,34.62,0.99,-0.03,0.17,4.5
14:49:50,80,97,34.53,0.98,-0.04,0.19,4.5
14:49:50,79,98,34.81,1.0,-0.03,0.18,4.5
14:49:51,80,98,34.53,0.99,-0.03,0.19,4.5
14:49:51,83,98,34.72,0.99,-0.04,0.19,4.5
14:49:51,82,99,34.62,0.99,-0.03,0.18,4.5
14:49:51,83,98,34.72,0.99,-0.03,0.17,4.5
14:49:51,82,97,34.53,1.01,-0.03,0.17,4.5
14:49:51,84,99,34.53,0.99,-0.03,0.17,4.5
14:49:51,84,98,34.53,0.99,-0.03,0.18,4.5
14:49:51,80,98,34.48,0.99,-0.03,0.18,4.5
14:49:51,84,99,34.67,1.0,-0.03,0.18,4.5
14:49:51,82,98,34.53,0.99,-0.03,0.18,4.5
14:49:51,82,97,34.62,0.99,-0.03,0.18,4.5
14:49:51,83,99,34.53,0.99,-0.03,0.18,4.5
14:49:51,83,99,34.67,1.0,-0.03,0.19,4.5
14:49:51,83,98,34.53,0.99,-0.03,0.18,4.5
14:49:51,82,98,34.48,1.0,-0.03,0.19,4.5
14:49:51,80,99,34.48,0.99,-0.03,0.19,4.5
14:49:51,84,98,34.81,0.99,-0.03,0.18,4.5
14:49:51,81,99,34.53,0.99,-0.03,0.19,4.5
